City_ID,City,Country,Date,Lat,Lng,Max Temp,Humidity,Cloudiness,Wind Speed
0,Ushuaia,AR,2021-12-28 01:47:43,-54.8,-68.3,42.46,81,40,13.8
1,Upernavik,GL,2021-12-28 01:47:43,72.7868,-56.1549,-5.15,77,78,5.26
2,Rikitea,PF,2021-12-28 01:47:44,-23.1203,-134.9692,76.6,84,100,24.67
3,Cape Town,ZA,2021-12-28 01:47:44,-33.9258,18.4232,63.12,95,75,13.8
4,Sangar,RU,2021-12-28 01:47:44,63.9242,127.4739,-53.99,99,58,2.19
5,Jamestown,US,2021-12-28 01:47:31,42.097,-79.2353,40.59,72,90,3.0
6,Aklavik,CA,2021-12-28 01:47:45,68.2191,-135.0107,-4.97,86,97,17.81
7,Saskylakh,RU,2021-12-28 01:47:45,71.9167,114.0833,-30.05,100,95,3.67
8,Mataura,NZ,2021-12-28 01:47:45,-46.1927,168.8643,59.49,47,100,6.46
9,Minot,US,2021-12-28 01:47:46,48.2325,-101.2963,-9.18,59,90,10.36
10,Hobart,AU,2021-12-28 01:45:21,-42.8794,147.3294,76.01,49,20,1.01
11,Norman Wells,CA,2021-12-28 01:47:46,65.282,-126.8329,3.24,78,90,26.46
12,Mahebourg,MU,2021-12-28 01:47:46,-20.4081,57.7,75.49,88,40,0.0
13,Molodizhne,UA,2021-12-28 01:47:47,48.1773,32.6601,22.75,96,100,17.56
14,Reshetylivka,UA,2021-12-28 01:47:47,49.565,34.0782,19.27,85,100,11.99
15,Meulaboh,ID,2021-12-28 01:47:47,4.1363,96.1285,79.54,74,16,1.88
16,Georgetown,MY,2021-12-28 01:47:47,5.4112,100.3354,82.33,79,20,3.0
17,Hoquiam,US,2021-12-28 01:47:48,46.9809,-123.8893,29.01,90,90,11.5
18,Valparaiso,CL,2021-12-28 01:47:48,-33.0393,-71.6273,66.47,76,75,4.61
19,Kavaratti,IN,2021-12-28 01:47:48,10.5669,72.642,79.88,70,9,5.86
20,Naze,JP,2021-12-28 01:47:49,28.3667,129.4833,56.32,56,64,8.95
21,Istok,XK,2021-12-28 01:47:49,42.7808,20.4875,46.17,93,100,2.28
22,Qaanaaq,GL,2021-12-28 01:47:49,77.484,-69.3632,-4.18,53,55,8.23
23,Tuktoyaktuk,CA,2021-12-28 01:47:50,69.4541,-133.0374,-7.6,77,90,33.38
24,Padang,ID,2021-12-28 01:47:51,-0.9492,100.3543,84.25,69,100,0.76
25,Punta Arenas,CL,2021-12-28 01:47:51,-53.15,-70.9167,46.51,66,20,16.11
26,Tabatinga,BR,2021-12-28 01:47:51,-4.2525,-69.9381,78.89,94,40,2.3
27,Kapaa,US,2021-12-28 01:46:55,22.0752,-159.319,82.38,72,40,1.01
28,Elliot Lake,CA,2021-12-28 01:47:52,46.3834,-82.6331,21.29,94,100,8.21
29,Honningsvag,NO,2021-12-28 01:47:52,70.9821,25.9704,22.53,61,100,4.52
30,Kapuskasing,CA,2021-12-28 01:47:52,49.4169,-82.4331,5.09,85,90,8.05
31,Tefe,BR,2021-12-28 01:47:53,-3.3542,-64.7114,75.63,97,100,2.01
32,Thompson,CA,2021-12-28 01:47:53,55.7435,-97.8558,-12.84,77,90,10.36
33,Vaini,TO,2021-12-28 01:47:53,-21.2,-175.2,84.36,84,75,3.44
34,Santo Domingo,DO,2021-12-28 01:47:54,18.5001,-69.9886,74.88,88,20,6.91
35,Bodden Town,KY,2021-12-28 01:47:54,19.2833,-81.25,78.93,84,20,3.0
36,Ozernovskiy,RU,2021-12-28 01:47:54,51.5,156.5167,30.13,78,59,4.07
37,Severo-Kurilsk,RU,2021-12-28 01:47:55,50.6789,156.125,32.07,89,100,13.62
38,Kosonsoy,UZ,2021-12-28 01:47:55,41.2561,71.5508,23.56,60,0,4.88
39,Gimli,CA,2021-12-28 01:47:55,50.6336,-96.9907,5.02,78,100,11.5
40,Tuatapere,NZ,2021-12-28 01:47:56,-46.1333,167.6833,59.83,53,91,7.74
41,Raga,SS,2021-12-28 01:47:56,8.4596,25.678,70.02,29,53,0.6
42,Simbahan,PH,2021-12-28 01:47:56,6.3032,120.5836,80.13,78,100,7.81
43,Busselton,AU,2021-12-28 01:47:57,-33.65,115.3333,94.05,32,5,7.96
44,Kiisa,EE,2021-12-28 01:48:57,59.2369,24.6889,24.98,99,100,5.08
45,Port Elizabeth,ZA,2021-12-28 01:48:58,-33.918,25.5701,65.1,94,0,16.11
46,Tasiilaq,GL,2021-12-28 01:48:58,65.6145,-37.6368,12.36,81,3,4.61
47,Mayo,US,2021-12-28 01:48:58,38.8876,-76.5119,43.03,84,90,5.75
48,Kavieng,PG,2021-12-28 01:48:59,-2.5744,150.7967,84.13,71,86,4.25
49,Marsh Harbour,BS,2021-12-28 01:48:59,26.5412,-77.0636,74.48,63,0,3.96
50,Bandar,ID,2021-12-28 01:47:06,2.05,99.75,80.53,76,19,0.63
51,Nogliki,RU,2021-12-28 01:49:00,51.8333,143.1667,-9.33,77,72,14.76
52,Kruisfontein,ZA,2021-12-28 01:49:00,-34.0033,24.7314,62.89,91,100,11.32
53,Butaritari,KI,2021-12-28 01:49:01,3.0707,172.7902,82.04,77,81,10.94
54,Port-Gentil,GA,2021-12-28 01:49:01,-0.7193,8.7815,80.04,82,100,12.39
55,Guaruja,BR,2021-12-28 01:49:02,-23.9931,-46.2564,78.17,72,80,6.44
56,East London,ZA,2021-12-28 01:48:36,-33.0153,27.9116,68.02,76,100,19.62
57,San Severo,IT,2021-12-28 01:49:03,41.6897,15.376,49.6,81,100,2.46
58,Tabou,CI,2021-12-28 01:49:03,4.423,-7.3528,79.61,81,68,5.7
59,Olafsvik,IS,2021-12-28 01:49:04,64.8945,-23.7142,31.57,71,99,28.27
60,Puyang,CN,2021-12-28 01:49:04,29.4603,119.8861,41.16,28,83,1.52
61,Chapais,CA,2021-12-28 01:47:46,49.7834,-74.8492,-7.82,92,100,3.85
62,Caravelas,BR,2021-12-28 01:49:05,-17.7125,-39.2481,73.02,97,100,10.98
63,Puerto Ayora,EC,2021-12-28 01:49:05,-0.7393,-90.3518,69.49,85,98,9.15
64,Talnakh,RU,2021-12-28 01:49:05,69.4865,88.3972,-11.36,88,12,9.13
65,Yulara,AU,2021-12-28 01:49:06,-25.2406,130.9889,89.44,11,0,21.85
66,San Quintin,MX,2021-12-28 01:49:07,30.4833,-115.95,55.99,61,96,16.64
67,Dikson,RU,2021-12-28 01:49:07,73.5069,80.5464,-4.49,88,98,12.35
68,Waipawa,NZ,2021-12-28 01:49:07,-41.4122,175.5153,64.45,96,100,3.2
69,Salinopolis,BR,2021-12-28 01:49:08,-0.6136,-47.3561,77.88,87,26,8.21
70,Changping,CN,2021-12-28 01:49:09,40.2186,116.2197,26.24,22,0,4.45
71,Haines Junction,CA,2021-12-28 01:49:09,60.7522,-137.5108,8.55,78,100,3.44
72,Romans-Sur-Isere,FR,2021-12-28 01:49:10,45.0464,5.0562,48.97,91,100,5.95
73,Rajapur,IN,2021-12-28 01:49:10,25.3833,81.15,57.65,64,96,6.42
74,Albany,US,2021-12-28 01:47:22,42.6001,-73.9662,32.09,80,100,1.99
75,Chifeng,CN,2021-12-28 01:47:47,42.2683,118.9636,18.39,38,0,4.45
76,Lorengau,PG,2021-12-28 01:49:11,-2.0226,147.2712,81.68,80,100,5.19
77,Avarua,CK,2021-12-28 01:49:12,-21.2078,-159.775,77.05,73,90,11.5
78,Simpang,ID,2021-12-28 01:49:12,-1.2667,104.0833,76.78,91,100,3.13
79,Saint-Pierre,RE,2021-12-28 01:49:13,-21.3393,55.4781,74.84,81,40,4.61
80,Atar,MR,2021-12-28 01:49:13,20.5169,-13.0499,70.45,22,96,7.92
81,Koronowo,PL,2021-12-28 01:49:14,53.3137,17.937,20.3,91,9,10.54
82,Cattolica,IT,2021-12-28 01:49:14,43.9575,12.7376,47.32,96,75,7.0
83,Yellowknife,CA,2021-12-28 01:45:02,62.456,-114.3525,-28.71,80,20,9.22
84,Atuona,PF,2021-12-28 01:49:15,-9.8,-139.0333,79.25,76,91,17.52
85,Bathsheba,BB,2021-12-28 01:49:15,13.2167,-59.5167,77.61,73,20,11.5
86,Pyapon,MM,2021-12-28 01:49:16,16.2833,95.6833,75.07,55,10,8.86
87,Kodiak,US,2021-12-28 01:49:16,57.79,-152.4072,41.76,86,62,6.22
88,Kota Kinabalu,MY,2021-12-28 01:49:17,5.9749,116.0724,82.38,78,20,0.0
89,Souillac,MU,2021-12-28 01:50:17,-20.5167,57.5167,75.58,88,40,0.0
90,Nikolskoye,RU,2021-12-28 01:50:18,59.7035,30.7861,3.4,100,89,3.58
91,Soc Trang,VN,2021-12-28 01:50:18,9.6033,105.98,78.76,74,26,8.37
92,Leningradskiy,RU,2021-12-28 01:50:18,69.3833,178.4167,-31.52,100,57,4.29
93,Nianzishan,CN,2021-12-28 01:50:19,47.5167,122.8833,-1.07,82,20,2.93
94,Bredasdorp,ZA,2021-12-28 01:50:19,-34.5322,20.0403,61.92,82,52,4.61
95,Ayia Galini,GR,2021-12-28 01:50:20,35.1,24.6833,54.84,71,36,2.89
96,Bluff,NZ,2021-12-28 01:50:20,-46.6,168.3333,59.81,67,83,17.69
97,Dingle,PH,2021-12-28 01:50:20,10.9995,122.6711,78.62,86,62,16.06
98,Qandala,SO,2021-12-28 01:50:21,11.472,49.8728,72.93,79,58,2.24
99,Faya,SA,2021-12-28 01:50:21,18.3851,42.4509,51.91,46,10,3.51
100,Klaksvik,FO,2021-12-28 01:50:22,62.2266,-6.589,41.92,91,94,7.99
101,Katsuura,JP,2021-12-28 01:50:22,35.1333,140.3,44.71,40,17,11.01
102,Barrow,US,2021-12-28 01:50:23,71.2906,-156.7887,-14.78,76,1,9.22
103,Ust-Ordynskiy,RU,2021-12-28 01:50:23,52.805,104.7508,-2.18,100,72,2.89
104,Venice,US,2021-12-28 01:50:24,27.0998,-82.4543,68.99,96,1,0.0
105,Mahanje,TZ,2021-12-28 01:50:24,-9.9333,35.3333,63.09,91,66,1.95
106,Ribeira Grande,PT,2021-12-28 01:50:24,38.5167,-28.7,65.98,89,98,36.46
107,Camana,PE,2021-12-28 01:50:25,-16.6228,-72.7111,70.79,88,53,7.23
108,Kem,RU,2021-12-28 01:50:25,64.9555,34.5793,5.86,92,48,9.57
109,Iqaluit,CA,2021-12-28 01:50:26,63.7506,-68.5145,13.73,85,90,4.61
110,Santiago Del Estero,AR,2021-12-28 01:50:26,-27.7951,-64.2615,85.8,18,97,7.58
111,Nalut,LY,2021-12-28 01:50:27,30.3333,10.85,53.26,59,22,8.66
112,Kaitangata,NZ,2021-12-28 01:50:27,-46.2817,169.8464,61.93,43,100,4.59
113,Bubaque,GW,2021-12-28 01:50:28,11.2833,-15.8333,79.88,64,26,8.34
114,Arraial Do Cabo,BR,2021-12-28 01:50:28,-22.9661,-42.0278,72.57,84,100,3.58
115,Vardo,NO,2021-12-28 01:50:29,70.3705,31.1107,25.38,60,100,9.31
116,Saint-Philippe,RE,2021-12-28 01:50:29,-21.3585,55.7679,74.75,81,76,8.79
117,Meadow Lake,US,2021-12-28 01:50:29,34.8014,-106.5436,48.97,53,100,13.4
118,Castro,BR,2021-12-28 01:50:30,-24.7911,-50.0119,63.34,74,41,4.88
119,Port Alfred,ZA,2021-12-28 01:50:30,-33.5906,26.891,66.85,87,100,17.67
120,Waverly,US,2021-12-28 01:50:30,42.7392,-84.6208,39.13,89,90,16.11
121,Norden,DE,2021-12-28 01:50:31,53.6,7.2,39.9,97,100,16.44
122,Khatanga,RU,2021-12-28 01:50:31,71.9667,102.5,-29.31,100,97,5.3
123,Manado,ID,2021-12-28 01:50:32,1.487,124.8455,79.57,89,40,3.44
124,Vilhena,BR,2021-12-28 01:50:32,-12.7406,-60.1458,75.42,88,20,2.3
125,Scarborough,GB,2021-12-28 01:46:11,54.2797,-0.4044,46.53,94,100,10.0
126,Jibuti,DJ,2021-12-28 01:50:33,11.5,42.5,68.88,81,100,12.77
127,Parkes,AU,2021-12-28 01:50:33,-33.1333,148.1833,77.4,33,20,8.9
128,Micheweni,TZ,2021-12-28 01:50:34,-4.9667,39.8333,79.88,78,78,3.2
129,Mar Del Plata,AR,2021-12-28 01:47:19,-38.0023,-57.5575,69.87,82,0,15.99
130,Carbonia,IT,2021-12-28 01:50:34,39.1672,8.5222,56.05,88,9,11.32
131,New Norfolk,AU,2021-12-28 01:50:35,-42.7826,147.0587,73.65,24,10,1.72
132,Colorado,BR,2021-12-28 01:50:35,-22.8375,-51.9731,77.04,49,46,5.88
133,Saint George,US,2021-12-28 01:49:54,37.1041,-113.5841,47.62,49,90,1.99
134,Kahului,US,2021-12-28 01:50:36,20.8947,-156.47,80.62,62,40,13.8
135,Lagoa,PT,2021-12-28 01:50:36,39.05,-27.9833,64.69,85,97,27.16
136,Rochegda,RU,2021-12-28 01:50:37,62.8,43.25,9.5,94,100,7.67
137,Tezu,IN,2021-12-28 01:51:38,27.9167,96.1667,62.89,48,98,1.45
138,Kalmunai,LK,2021-12-28 01:51:38,7.4167,81.8167,78.51,70,98,8.63
139,Sitka,US,2021-12-28 01:51:38,57.0531,-135.33,31.89,80,90,3.44
140,San Cristobal,VE,2021-12-28 01:51:39,7.7669,-72.225,69.98,96,100,2.57
141,Plettenberg Bay,ZA,2021-12-28 01:51:39,-34.0527,23.3716,62.35,92,72,6.73
142,Igarka,RU,2021-12-28 01:51:40,67.4667,86.5833,-11.42,90,6,8.7
143,Bethel,US,2021-12-28 01:51:40,41.3712,-73.414,34.84,79,90,3.44
144,Saint-Georges,GD,2021-12-28 01:51:41,12.0564,-61.7485,76.68,78,20,0.0
145,Kribi,CM,2021-12-28 01:51:41,2.95,9.9167,78.73,86,100,7.65
146,Bhadasar,IN,2021-12-28 01:51:42,28.2833,74.3167,57.36,69,94,7.72
147,Novouzensk,RU,2021-12-28 01:51:42,50.4592,48.1431,-5.94,99,40,4.5
148,Jalu,LY,2021-12-28 01:51:42,29.0331,21.5482,53.37,46,0,8.86
149,Hermanus,ZA,2021-12-28 01:51:43,-34.4187,19.2345,62.91,82,98,9.66
150,Coihaique,CL,2021-12-28 01:51:43,-45.5752,-72.0662,56.01,69,0,5.53
151,Yatou,CN,2021-12-28 01:51:44,37.15,122.3833,33.39,49,0,5.1
152,Kutum,SD,2021-12-28 01:51:44,14.2,24.6667,58.41,22,79,7.67
153,San Rafael,AR,2021-12-28 01:50:38,-34.6177,-68.3301,82.87,32,100,11.41
154,Quelimane,MZ,2021-12-28 01:51:45,-17.8786,36.8883,77.14,93,100,5.3
155,Tiksi,RU,2021-12-28 01:51:46,71.6872,128.8694,-17.14,100,100,5.66
156,Geraldton,AU,2021-12-28 01:51:46,-28.7667,114.6,104.41,9,2,17.27
157,Oktyabrskiy,RU,2021-12-28 01:51:46,54.4815,53.471,-7.24,100,89,6.29
158,Mehamn,NO,2021-12-28 01:51:47,71.0357,27.8492,22.95,74,20,10.36
159,Termini Imerese,IT,2021-12-28 01:51:47,37.9837,13.6956,60.87,74,54,6.29
160,Broken Hill,AU,2021-12-28 01:51:48,-31.95,141.4333,78.51,34,0,16.11
161,Bjornevatn,NO,2021-12-28 01:51:49,69.6672,29.9847,-1.86,84,98,4.61
162,Leo,BF,2021-12-28 01:51:49,11.1,-2.1,71.62,16,100,8.57
163,Flinders,AU,2021-12-28 01:51:50,-34.5833,150.8552,71.19,57,92,7.0
164,Touros,BR,2021-12-28 01:51:50,-5.1989,-35.4608,81.5,78,57,10.71
165,Salalah,OM,2021-12-28 01:51:50,17.0151,54.0924,69.93,55,2,4.32
166,Popondetta,PG,2021-12-28 01:51:51,-8.7537,148.2534,92.28,49,99,4.83
167,Saint-Augustin,CA,2021-12-28 01:51:51,51.226,-58.6502,31.41,82,100,11.03
168,Rudnya,RU,2021-12-28 01:51:52,54.947,31.0934,9.25,98,66,4.7
169,Kanniyakumari,IN,2021-12-28 01:51:52,8.0833,77.5667,75.45,80,45,20.24
170,Baruun-Urt,MN,2021-12-28 01:51:53,46.6806,113.2792,2.77,74,79,5.91
171,Maniitsoq,GL,2021-12-28 01:51:53,65.4167,-52.9,20.19,57,96,4.61
172,Hofn,IS,2021-12-28 01:51:54,64.2539,-15.2082,29.35,65,0,19.8
173,Iquitos,PE,2021-12-28 01:51:54,-3.7481,-73.2472,77.04,88,40,2.3
174,Cherskiy,RU,2021-12-28 01:51:55,68.75,161.3,-45.08,100,98,2.13
175,Faanui,PF,2021-12-28 01:51:55,-16.4833,-151.75,80.65,64,33,2.75
176,Moratuwa,LK,2021-12-28 01:51:56,6.773,79.8816,71.62,83,59,6.55
177,Brownsville,US,2021-12-28 01:51:56,25.9018,-97.4975,74.08,87,1,7.0
178,Whitianga,NZ,2021-12-28 01:51:57,-36.8333,175.7,65.5,97,100,7.14
179,Cizre,TR,2021-12-28 01:51:57,37.3272,42.1903,41.04,49,69,3.4
180,Waingapu,ID,2021-12-28 01:51:57,-9.6567,120.2641,87.35,64,23,10.38
181,Umtata,ZA,2021-12-28 01:51:58,-31.5889,28.7844,59.43,93,80,6.93
182,Strezhevoy,RU,2021-12-28 01:51:58,60.7333,77.5889,6.78,93,100,9.6
183,Margate,GB,2021-12-28 01:51:59,51.3813,1.3862,52.88,94,100,4.0
184,Riyadh,SA,2021-12-28 01:48:51,24.6877,46.7219,50.14,35,100,6.8
185,Rio Grande,BR,2021-12-28 01:52:59,-32.035,-52.0986,67.24,68,0,7.47
186,Port Macquarie,AU,2021-12-28 01:53:00,-31.4333,152.9167,69.76,62,100,11.77
187,Ashibetsu,JP,2021-12-28 01:53:00,43.5097,142.1856,14.81,85,68,2.95
188,Clyde River,CA,2021-12-28 01:53:00,70.4692,-68.5914,-14.57,70,84,5.75
189,Chuy,UY,2021-12-28 01:53:01,-33.6971,-53.4616,61.79,84,0,4.36
190,Guerrero Negro,MX,2021-12-28 01:53:01,27.9769,-114.0611,59.11,65,100,17.34
191,Lebu,CL,2021-12-28 01:53:02,-37.6167,-73.65,59.45,81,98,18.99
192,Nelson Bay,AU,2021-12-28 01:53:02,-32.7167,152.15,72.28,57,73,3.0
193,Hervey Bay,AU,2021-12-28 01:53:03,-25.2986,152.8535,83.03,76,11,17.67
194,Alpatovo,RU,2021-12-28 01:53:03,43.7028,45.2415,30.97,91,88,2.1
195,Balkanabat,TM,2021-12-28 01:53:03,39.5108,54.3671,41.0,46,41,0.38
196,Karratha,AU,2021-12-28 01:53:04,-20.7377,116.8463,102.72,18,60,13.33
197,Necochea,AR,2021-12-28 01:53:04,-38.5473,-58.7368,64.24,62,30,9.51
198,Genhe,CN,2021-12-28 01:53:05,50.7833,121.5167,-2.47,92,100,1.99
199,Independence,US,2021-12-28 01:53:06,39.0911,-94.4155,42.28,53,1,1.99
200,Mitake,JP,2021-12-28 01:53:06,35.4167,137.1333,42.31,51,8,10.54
201,Marawi,PH,2021-12-28 01:53:06,7.9986,124.2928,72.64,75,100,4.09
202,Bengkulu,ID,2021-12-28 01:53:07,-3.8004,102.2655,82.47,70,99,2.53
203,Akola,IN,2021-12-28 01:53:07,20.7333,77.0,66.74,62,1,5.91
204,Seymchan,RU,2021-12-28 01:53:08,62.8833,152.4333,-22.49,91,100,6.91
205,Prince George,CA,2021-12-28 01:51:04,53.9166,-122.753,-18.96,76,1,2.3
206,Buala,SB,2021-12-28 01:53:08,-8.145,159.5921,79.57,88,100,7.85
207,Panlaitan,PH,2021-12-28 01:53:09,12.1191,119.8486,82.0,70,100,13.29
208,Arroyo,ES,2021-12-28 01:53:09,41.6096,-4.7969,49.89,86,40,13.8
209,Clermont,FR,2021-12-28 01:48:22,49.5,2.4167,50.16,89,95,13.2
210,Chokurdakh,RU,2021-12-28 01:53:10,70.6333,147.9167,-39.51,100,77,4.41
211,Fos-Sur-Mer,FR,2021-12-28 01:51:34,43.4377,4.9446,49.48,100,75,8.05
212,Namatanai,PG,2021-12-28 01:53:10,-3.6667,152.4333,85.87,69,95,9.26
213,Henties Bay,NA,2021-12-28 01:53:11,-22.116,14.2845,62.85,92,32,5.53
214,Kokkola,FI,2021-12-28 01:53:11,63.8385,23.1307,16.93,90,90,1.99
215,Hilo,US,2021-12-28 01:50:25,19.7297,-155.09,76.24,4,92,6.29
216,Fort Nelson,CA,2021-12-28 01:53:12,58.8053,-122.7002,0.36,97,100,0.81
217,Hithadhoo,MV,2021-12-28 01:53:12,-0.6,73.0833,81.07,75,97,8.88
218,Manokwari,ID,2021-12-28 01:53:13,-0.8667,134.0833,83.07,72,100,9.75
219,Lasa,IT,2021-12-28 01:53:13,46.6166,10.7002,38.66,87,90,0.38
220,Bagru,IN,2021-12-28 01:53:13,26.8088,75.5423,59.34,76,100,3.8
221,Comodoro Rivadavia,AR,2021-12-28 01:53:14,-45.8667,-67.5,62.46,77,0,5.75
222,Avera,US,2021-12-28 01:53:14,33.194,-82.5271,66.38,69,100,10.49
223,Coquimbo,CL,2021-12-28 01:53:15,-29.9533,-71.3436,64.13,77,40,6.91
224,Carnarvon,AU,2021-12-28 01:53:15,-24.8667,113.6333,100.47,13,51,14.97
225,Kudahuvadhoo,MV,2021-12-28 01:53:16,2.6708,72.8944,81.19,74,67,11.27
226,Haapiti,PF,2021-12-28 01:53:16,-17.5667,-149.8667,78.53,69,100,5.41
227,Torbay,CA,2021-12-28 01:53:17,47.6666,-52.7314,36.75,96,90,26.46
228,Cauquenes,CL,2021-12-28 01:53:17,-35.9671,-72.3225,68.5,44,100,4.61
229,Hambantota,LK,2021-12-28 01:53:18,6.1241,81.1185,73.74,100,83,6.91
230,Mountain Home,US,2021-12-28 01:54:18,43.133,-115.6912,23.74,100,90,8.05
231,Ryotsu,JP,2021-12-28 01:54:18,38.0833,138.4333,35.56,75,100,20.96
232,Esperance,AU,2021-12-28 01:54:19,-33.8667,121.9,69.64,50,0,12.88
233,Vanderhoof,CA,2021-12-28 01:54:19,54.0166,-124.0198,-10.08,99,100,1.43
234,Sosnovo-Ozerskoye,RU,2021-12-28 01:54:19,52.5249,111.5418,-8.82,99,97,6.91
235,Bambous Virieux,MU,2021-12-28 01:54:20,-20.3428,57.7575,75.45,88,40,0.0
236,Koslan,RU,2021-12-28 01:54:20,63.4564,48.8989,-18.89,100,91,4.36
237,Makakilo City,US,2021-12-28 01:54:21,21.3469,-158.0858,78.57,55,1,12.66
238,Celestun,MX,2021-12-28 01:54:21,20.8667,-90.4,78.93,73,100,7.36
239,Shu,KZ,2021-12-28 01:54:21,43.5983,73.7614,27.95,86,85,2.68
240,Provideniya,RU,2021-12-28 01:54:22,64.3833,-173.3,5.36,78,90,33.55
241,Namibe,AO,2021-12-28 01:54:22,-15.1961,12.1522,66.06,80,77,4.68
242,Luderitz,NA,2021-12-28 01:54:22,-26.6481,15.1594,62.46,90,69,6.87
243,Aljezur,PT,2021-12-28 01:54:23,37.3191,-8.8033,61.66,98,81,6.98
244,La Ronge,CA,2021-12-28 01:54:23,55.1001,-105.2842,-12.75,77,90,4.61
245,Hirado,JP,2021-12-28 01:54:23,33.3597,129.5531,43.39,58,100,12.64
246,Ponta Do Sol,PT,2021-12-28 01:54:24,32.6667,-17.1,66.83,82,13,2.57
247,Port Hedland,AU,2021-12-28 01:54:24,-20.3167,118.5667,107.65,9,8,17.27
248,Chabahar,IR,2021-12-28 01:54:25,25.2919,60.643,69.49,69,2,9.19
249,Kuusamo,FI,2021-12-28 01:54:25,65.9667,29.1833,6.84,92,90,2.3
250,Ati,TD,2021-12-28 01:54:25,13.2154,18.3353,68.34,22,1,9.06
251,Yerbogachen,RU,2021-12-28 01:54:26,61.2767,108.0108,-15.68,93,96,4.36
252,Sisimiut,GL,2021-12-28 01:54:26,66.9395,-53.6735,13.77,75,66,4.79
253,Juneau,US,2021-12-28 01:54:26,58.3019,-134.4197,24.22,97,7,3.02
254,Victoria,HK,2021-12-28 01:50:01,22.2855,114.1577,60.24,79,100,5.01
255,Ancud,CL,2021-12-28 01:54:27,-41.8697,-73.8203,59.43,92,1,6.87
256,Callaguip,PH,2021-12-28 01:54:27,18.0714,120.4867,80.62,57,20,6.91
257,Kerema,PG,2021-12-28 01:54:27,-7.9631,145.7785,86.41,61,62,6.64
258,Soure,BR,2021-12-28 01:54:28,-0.7167,-48.5233,78.71,85,96,8.52
259,Rocha,UY,2021-12-28 01:54:28,-34.4833,-54.3333,57.65,90,0,2.68
260,Barcelos,PT,2021-12-28 01:53:41,41.5388,-8.6151,59.14,97,97,10.2
261,Vanimo,PG,2021-12-28 01:54:29,-2.6741,141.3028,80.35,87,100,2.71
262,Mongo,TD,2021-12-28 01:54:29,12.1844,18.693,69.75,23,37,6.89
263,Pangody,RU,2021-12-28 01:54:29,65.85,74.4859,7.56,94,100,14.38
264,Orocue,CO,2021-12-28 01:54:29,4.7912,-71.3354,81.61,50,97,5.32
265,Merrill,US,2021-12-28 01:54:30,45.1805,-89.6835,16.75,79,40,11.5
266,Huarmey,PE,2021-12-28 01:54:30,-10.0681,-78.1522,68.49,86,100,5.88
267,Green River,US,2021-12-28 01:54:30,41.5286,-109.4662,27.99,52,100,5.99
268,Isangel,VU,2021-12-28 01:54:31,-19.55,169.2667,89.71,66,75,4.61
269,Klyuchi,RU,2021-12-28 01:54:31,52.2667,79.1667,13.68,88,100,12.28
270,Ratekau,DE,2021-12-28 01:54:31,53.95,10.7333,34.21,86,75,8.05
271,Fare,PF,2021-12-28 01:54:32,-16.7,-151.0167,80.28,66,22,3.24
272,Longyearbyen,SJ,2021-12-28 01:54:32,78.2186,15.6401,6.64,78,0,11.5
273,Trairi,BR,2021-12-28 01:53:52,-3.2778,-39.2689,79.41,83,22,8.21
274,Hovd,MN,2021-12-28 01:54:32,48.0056,91.6419,-3.64,78,16,1.16
275,Belaya Gora,RU,2021-12-28 01:54:33,68.5333,146.4167,-32.28,100,90,4.65
276,Cidreira,BR,2021-12-28 01:54:33,-30.1811,-50.2056,72.41,78,1,11.36
277,Pacific Grove,US,2021-12-28 01:55:33,36.6177,-121.9166,48.42,81,98,4.0
278,Xiaoshi,CN,2021-12-28 01:55:34,41.2971,124.1209,24.82,48,0,6.15
279,Rosarito,MX,2021-12-28 01:55:34,32.3333,-117.0333,55.13,70,99,15.93
280,Koryazhma,RU,2021-12-28 01:55:35,61.3143,47.1691,0.48,97,98,7.27
281,Beloha,MG,2021-12-28 01:55:35,-25.1667,45.05,70.99,87,31,9.4
282,Sao Filipe,CV,2021-12-28 01:55:35,14.8961,-24.4956,75.96,63,1,7.81
283,Nathdwara,IN,2021-12-28 01:55:36,24.9333,73.8167,54.59,89,100,9.75
284,Vila,PT,2021-12-28 01:55:36,42.0304,-8.1588,49.08,93,100,7.38
285,Port Blair,IN,2021-12-28 01:55:36,11.6667,92.75,81.84,69,5,14.2
286,Hasaki,JP,2021-12-28 01:55:37,35.7333,140.8333,43.29,41,1,19.89
287,Northam,GB,2021-12-28 01:55:37,51.0333,-4.2167,51.42,97,100,19.3
288,Los Barrios,ES,2021-12-28 01:55:37,36.1848,-5.4921,64.22,97,32,5.44
289,Wanaka,NZ,2021-12-28 01:55:38,-44.7,169.15,62.44,49,78,4.59
290,Kenora,CA,2021-12-28 01:52:01,49.8167,-94.4337,12.18,85,90,0.0
291,Saint-Andre-Les-Vergers,FR,2021-12-28 01:55:38,48.2853,4.0521,50.04,93,90,16.11
292,Adrar,MR,2021-12-28 01:55:39,20.5022,-10.0711,66.99,23,99,9.28
293,Mananjary,MG,2021-12-28 01:55:39,-21.2167,48.3333,75.22,94,100,4.07
294,Asau,RO,2021-12-28 01:55:39,46.4333,26.4,25.95,96,100,2.51
295,Port Hardy,CA,2021-12-28 01:55:40,50.6996,-127.4199,24.8,80,90,9.22
296,Semnan,IR,2021-12-28 01:55:40,35.5729,53.3971,35.33,50,95,3.04
297,Champasak,LA,2021-12-28 01:55:40,14.75,106.0,68.88,60,5,3.24
298,Caxito,AO,2021-12-28 01:55:41,-8.5785,13.6643,75.85,92,100,2.21
299,Hami,CN,2021-12-28 01:55:41,42.8,93.45,18.77,34,6,2.66
300,Mercedes,AR,2021-12-28 01:55:42,-34.6515,-59.4307,77.86,53,58,11.86
301,Benghazi,LY,2021-12-28 01:52:48,32.1167,20.0667,57.92,64,75,18.23
302,Craig,US,2021-12-28 01:52:26,40.5153,-107.5464,29.16,80,90,10.36
303,Ginda,IN,2021-12-28 01:55:42,30.6945,78.4932,36.25,19,100,6.6
304,Ondangwa,NA,2021-12-28 01:55:43,-17.9167,15.95,69.8,24,75,3.44
305,Usinsk,RU,2021-12-28 01:55:43,65.9939,57.5281,0.73,95,100,5.82
306,Abu Samrah,SY,2021-12-28 01:55:43,35.3029,37.1841,42.31,66,100,5.73
307,Kurchum,KZ,2021-12-28 01:55:44,48.5722,83.6542,3.16,93,95,3.15
308,Beringovskiy,RU,2021-12-28 01:55:44,63.05,179.3167,3.18,97,100,16.02
309,Alice Springs,AU,2021-12-28 01:54:20,-23.7,133.8833,89.15,12,0,17.27
310,Naco,MX,2021-12-28 01:55:45,31.3347,-109.9483,45.09,87,100,9.78
311,Poum,NC,2021-12-28 01:55:46,-20.2333,164.0167,81.99,79,50,10.27
312,Amli,IN,2021-12-28 01:55:46,20.2833,73.0167,64.67,64,13,4.03
313,Paracuru,BR,2021-12-28 01:55:47,-3.41,-39.0306,82.42,84,21,9.28
314,San Patricio,US,2021-12-28 01:55:47,28.017,-97.5169,75.06,77,0,17.56
315,Sucua,EC,2021-12-28 01:55:47,-2.4667,-78.1667,70.05,97,98,2.64
316,Maragogi,BR,2021-12-28 01:55:48,-9.0122,-35.2225,77.83,85,85,6.93
317,Ust-Tsilma,RU,2021-12-28 01:55:49,65.441,52.1498,3.07,98,100,1.19
318,Bideford,GB,2021-12-28 01:55:49,51.0179,-4.2046,52.12,94,100,18.88
319,La Libertad,EC,2021-12-28 01:56:49,-2.2333,-80.9,72.48,82,100,8.63
320,Nangomba,TZ,2021-12-28 01:56:50,-10.9,38.5,67.87,97,61,3.65
321,Nome,US,2021-12-28 01:56:51,64.5011,-165.4064,19.47,74,90,13.8
322,Snasa,NO,2021-12-28 01:56:51,64.2457,12.3778,16.74,90,100,4.94
323,Port Lincoln,AU,2021-12-28 01:56:51,-34.7333,135.8667,66.7,56,2,18.3
324,Formosa Do Rio Preto,BR,2021-12-28 01:56:52,-11.0483,-45.1931,67.64,98,99,2.17
325,Beaverlodge,CA,2021-12-28 01:56:52,55.2166,-119.4361,-28.05,94,100,1.68
326,Oytal,KZ,2021-12-28 01:56:53,42.9057,73.2697,28.65,76,24,3.76
327,Xuddur,SO,2021-12-28 01:56:53,4.1213,43.8894,68.79,74,78,15.3
328,Farah,AF,2021-12-28 01:56:54,32.5,62.5,35.31,23,0,3.0
329,Kieta,PG,2021-12-28 01:56:54,-6.2167,155.6333,84.99,75,90,4.16
330,Russell,US,2021-12-28 01:56:55,32.3502,-85.1999,69.08,91,62,5.3
331,Maceio,BR,2021-12-28 01:53:37,-9.6658,-35.7353,78.24,88,75,2.3
332,Bandarbeyla,SO,2021-12-28 01:56:56,9.4942,50.8122,75.34,67,53,10.74
333,Havoysund,NO,2021-12-28 01:56:56,70.9963,24.6622,25.68,78,100,4.94
334,Oktyabrskoye,RU,2021-12-28 01:56:56,43.0645,44.7417,23.14,86,83,6.71
335,Namuac,PH,2021-12-28 01:56:56,18.6109,121.1657,74.19,81,93,17.16
336,Laguna,US,2021-12-28 01:56:57,38.421,-121.4238,47.07,78,75,1.01
337,Yarega,RU,2021-12-28 01:56:57,63.4354,53.5765,-3.89,95,100,7.72
338,Sao Cristovao,BR,2021-12-28 01:56:58,-11.0147,-37.2064,78.71,89,20,4.61
339,Fairbanks,US,2021-12-28 01:55:59,64.8378,-147.7164,14.0,92,1,0.0
340,Tongchuan,CN,2021-12-28 01:56:58,35.0806,109.0897,30.7,34,0,2.37
341,Ponta Delgada,PT,2021-12-28 01:56:59,37.7333,-25.6667,68.5,94,75,23.02
342,Airai,TL,2021-12-28 01:56:59,-8.9266,125.4092,71.71,65,90,4.09
343,Tarakan,ID,2021-12-28 01:57:00,3.3,117.6333,78.3,89,75,3.44
344,Aksu,CN,2021-12-28 01:57:00,41.1231,80.2644,21.29,65,100,1.05
345,Mecca,SA,2021-12-28 01:56:12,21.4267,39.8261,68.38,73,100,3.24
346,Nioro,GM,2021-12-28 01:57:01,13.35,-15.75,78.3,16,55,6.64
347,Lata,PT,2021-12-28 01:57:01,40.1629,-8.3327,59.41,90,96,5.7
348,Tongzi,CN,2021-12-28 01:57:02,28.7829,105.0877,40.66,75,100,3.85
349,Sao Felix Do Xingu,BR,2021-12-28 01:57:02,-6.6447,-51.995,69.8,98,100,1.59
350,Itaberai,BR,2021-12-28 01:55:07,-16.0203,-49.8103,70.92,85,60,3.42
351,Khash,IR,2021-12-28 01:57:03,28.2211,61.2158,40.37,44,0,4.18
352,Dali,CN,2021-12-28 01:57:03,25.7,100.1833,47.52,64,3,3.2
353,Mogadishu,SO,2021-12-28 01:57:04,2.0371,45.3438,75.79,84,97,16.2
354,Tautira,PF,2021-12-28 01:57:04,-17.7333,-149.15,78.82,68,100,5.5
355,Dunmore Town,BS,2021-12-28 01:57:04,25.5,-76.65,74.46,64,0,6.44
356,Sebina,BW,2021-12-28 01:57:05,-20.8667,27.25,70.25,71,84,9.73
357,Piacabucu,BR,2021-12-28 01:57:05,-10.4056,-36.4344,77.47,87,59,7.45
358,Oranjemund,NA,2021-12-28 01:57:06,-28.55,16.4333,61.5,94,25,0.72
359,Clearwater,US,2021-12-28 01:53:58,27.9659,-82.8001,68.09,88,1,4.0
360,Portland,US,2021-12-28 01:54:26,45.5234,-122.6762,31.51,89,90,1.01
361,Dhidhdhoo,MV,2021-12-28 01:57:07,6.8833,73.1,80.85,63,45,12.5
362,Paamiut,GL,2021-12-28 01:58:07,61.994,-49.6678,17.24,68,0,8.12
363,Yichang,CN,2021-12-28 01:58:08,30.7144,111.2847,39.74,46,7,1.25
364,Ouadda,CF,2021-12-28 01:58:08,8.0777,22.4007,67.41,35,78,3.89
365,Pevek,RU,2021-12-28 01:58:09,69.7008,170.3133,-32.28,100,77,2.46
366,Lethem,GY,2021-12-28 01:58:09,3.3803,-59.7968,79.95,73,83,8.16
367,Kot Diji,PK,2021-12-28 01:58:09,27.3427,68.7083,57.22,51,18,8.86
368,Ixtapa,MX,2021-12-28 01:58:10,20.7,-105.2,66.4,82,0,1.99
369,Vestmannaeyjar,IS,2021-12-28 01:58:10,63.4427,-20.2734,31.59,65,11,7.52
370,Marystown,CA,2021-12-28 01:58:10,47.1666,-55.1483,37.85,100,100,11.99
371,Requena,ES,2021-12-28 01:58:11,39.4883,-1.1004,56.88,82,38,23.4
372,Zachary,US,2021-12-28 01:58:11,30.6485,-91.1565,67.86,84,54,6.76
373,Sao Joao Batista,BR,2021-12-28 01:58:12,-27.2761,-48.8494,73.26,96,82,3.33
374,Anloga,GH,2021-12-28 01:58:12,5.7947,0.8973,82.62,81,65,13.31
375,Aripuana,BR,2021-12-28 01:53:45,-9.1667,-60.6333,73.89,99,100,3.36
376,Turukhansk,RU,2021-12-28 01:58:13,65.8167,87.9833,-6.56,81,0,15.93
377,Don Sak,TH,2021-12-28 01:58:14,9.3168,99.6918,85.1,74,10,7.61
378,Golfito,CR,2021-12-28 01:58:14,8.639,-83.166,74.17,94,74,1.74
379,Cairns,AU,2021-12-28 01:58:14,-16.9167,145.7667,82.35,74,90,3.44
380,Sirajganj,BD,2021-12-28 01:58:15,24.45,89.7167,65.64,60,97,6.8
381,Alofi,NU,2021-12-28 01:58:15,-19.0595,-169.9187,73.29,94,100,8.05
382,Luoyang,CN,2021-12-28 01:58:16,34.6836,112.4536,35.8,16,0,6.91
383,Midland,US,2021-12-28 01:57:23,31.9974,-102.0779,67.55,52,1,0.0
384,Taltal,CL,2021-12-28 01:58:16,-25.4,-70.4833,67.23,83,19,2.53
385,Sackville,CA,2021-12-28 01:58:17,45.9188,-64.3846,30.47,82,100,5.55
386,Nova Olimpia,BR,2021-12-28 01:58:17,-14.7972,-57.2881,73.69,93,8,4.16
387,Vangaindrano,MG,2021-12-28 01:58:18,-23.35,47.6,74.08,92,100,5.61
388,Malakal,SS,2021-12-28 01:58:18,9.5334,31.6605,76.87,34,84,5.14
389,Tiarei,PF,2021-12-28 01:58:19,-17.5333,-149.3333,78.82,70,100,6.02
390,Havre-Saint-Pierre,CA,2021-12-28 01:58:19,50.2334,-63.5986,33.8,80,90,3.44
391,Beyneu,KZ,2021-12-28 01:58:19,45.3167,55.2,28.31,78,96,8.28
392,Vila Do Maio,CV,2021-12-28 01:58:20,15.1333,-23.2167,72.39,68,0,14.38
393,Linhares,BR,2021-12-28 01:58:20,-19.3911,-40.0722,72.93,98,100,5.35
394,Tacoronte,ES,2021-12-28 01:58:21,28.4769,-16.4102,65.21,86,90,8.01
395,Potsdam,DE,2021-12-28 01:58:21,52.3989,13.0657,30.45,100,96,8.61
396,Markapur,IN,2021-12-28 01:58:22,15.7333,79.2833,67.26,91,0,1.19
397,Kashi,CN,2021-12-28 01:58:22,39.4547,75.9797,18.61,67,20,6.71
398,Majene,ID,2021-12-28 01:58:23,-3.5403,118.9707,85.28,65,100,6.96
399,Okhotsk,RU,2021-12-28 01:58:23,59.3833,143.3,-17.73,78,100,18.88
400,Ust-Nera,RU,2021-12-28 01:58:24,64.5667,143.2,-38.43,100,100,3.56
401,Ko Samui,TH,2021-12-28 01:58:24,9.5357,99.9357,82.31,83,20,2.3
402,Nemuro,JP,2021-12-28 01:58:25,43.3236,145.575,25.23,63,46,15.39
403,Codrington,AU,2021-12-28 01:58:25,-38.2667,141.9667,67.08,54,20,16.8
404,Doka,SD,2021-12-28 01:58:25,13.5167,35.7667,73.04,59,37,10.74
405,Bedesa,ET,2021-12-28 01:58:26,8.9,40.7833,60.24,54,100,2.75
406,Ouesso,CG,2021-12-28 01:58:26,1.6136,16.0517,69.3,97,63,1.99
407,Evensk,RU,2021-12-28 01:58:27,61.95,159.2333,1.85,74,100,15.17
408,Aksarka,RU,2021-12-28 01:58:27,66.5606,67.7975,0.79,98,97,5.59
409,Madaoua,NE,2021-12-28 01:59:28,14.073,5.96,63.32,20,0,10.27
410,Nuevo Progreso,MX,2021-12-28 01:59:28,23.1667,-97.95,73.6,71,0,6.69
411,Harlingen,US,2021-12-28 01:59:29,26.1906,-97.6961,75.34,95,0,16.53
412,Hobbs,US,2021-12-28 01:59:29,32.7026,-103.136,65.01,35,90,4.0
413,Mocuba,MZ,2021-12-28 01:59:30,-16.8392,36.9856,74.98,88,100,3.58
414,Nanortalik,GL,2021-12-28 01:59:30,60.1432,-45.2371,24.78,65,2,7.49
415,Anadyr,RU,2021-12-28 01:59:31,64.75,177.4833,3.7,84,75,17.0
416,Viedma,AR,2021-12-28 01:59:31,-40.8135,-62.9967,70.12,48,2,7.99
417,Glenluce,GB,2021-12-28 01:59:32,54.8798,-4.8084,44.29,86,100,7.65
418,Cockburn Town,TC,2021-12-28 01:59:32,21.4612,-71.1419,76.96,69,40,5.75
419,Dongsheng,CN,2021-12-28 01:59:33,39.8161,109.9776,11.68,22,0,7.94
420,Palmer,US,2021-12-28 01:59:33,42.1584,-72.3287,33.37,74,100,2.77
421,Linxia,CN,2021-12-28 01:59:34,35.6003,103.2064,20.8,69,100,1.19
422,Markova,UA,2021-12-28 01:59:34,48.6758,24.4138,21.33,97,100,3.22
423,Mao,ES,2021-12-28 01:59:34,39.8885,4.2658,54.16,94,0,5.75
424,Neyshabur,IR,2021-12-28 01:59:35,36.2133,58.7958,35.55,28,5,1.52
425,Bobo Dioulasso,BF,2021-12-28 01:59:35,11.1771,-4.2979,72.99,18,100,4.83
426,Uzunovo,RU,2021-12-28 01:59:36,54.5386,38.6173,2.23,100,78,6.51
427,Mikun,RU,2021-12-28 01:59:36,62.3547,50.0771,-21.6,100,94,4.05
428,Vila Velha,BR,2021-12-28 01:59:37,-20.3297,-40.2925,78.75,80,0,8.05
429,Husavik,IS,2021-12-28 01:59:37,66.0449,-17.3389,30.11,90,100,13.96
430,Cabo San Lucas,MX,2021-12-28 01:58:12,22.8909,-109.9124,74.52,79,38,8.01
431,Sakaiminato,JP,2021-12-28 01:59:38,35.55,133.2333,39.18,87,75,3.44
432,Biak,ID,2021-12-28 01:59:38,-0.9131,122.8766,84.61,61,99,4.88
433,Ostrovnoy,RU,2021-12-28 01:59:39,68.0531,39.5131,7.88,87,97,7.0
434,Turayf,SA,2021-12-28 01:59:39,31.6725,38.6637,35.85,80,0,8.05
435,Floro,NO,2021-12-28 01:59:40,61.5996,5.0328,37.36,52,90,16.11
436,Novovelichkovskaya,RU,2021-12-28 01:59:40,45.2778,38.8436,37.54,86,100,4.14
437,Seoul,KR,2021-12-28 01:56:03,37.5683,126.9778,27.84,93,75,1.14
438,Pathein,MM,2021-12-28 01:59:41,16.7833,94.7333,72.5,61,0,6.67
439,Kaduqli,SD,2021-12-28 01:59:41,11.0167,29.7167,71.06,28,85,6.85
440,Ishigaki,JP,2021-12-28 01:59:42,24.3448,124.1572,66.33,72,75,12.66
441,Teacapan,MX,2021-12-28 01:59:43,22.55,-105.75,69.28,81,0,4.0
442,Kondinskoye,RU,2021-12-28 01:59:43,59.6481,67.41,7.59,96,97,8.66
443,Sorong,ID,2021-12-28 01:59:43,-0.8833,131.25,81.77,79,100,9.17
444,Natalinsk,RU,2021-12-28 01:59:44,56.4739,57.8698,0.86,92,89,9.62
445,Boromo,BF,2021-12-28 01:59:44,11.75,-2.9333,74.32,14,98,7.85
446,Bafq,IR,2021-12-28 01:59:45,31.6128,55.4107,42.73,41,0,3.0
447,Sechura,PE,2021-12-28 01:59:45,-5.5569,-80.8222,68.83,78,100,12.17
448,Fortuna,US,2021-12-28 01:59:45,40.5982,-124.1573,37.85,95,75,0.0
449,Tocopilla,CL,2021-12-28 01:59:46,-22.092,-70.1979,70.32,65,6,5.14
450,La Rioja,ES,2021-12-28 01:59:46,42.25,-2.5,47.98,80,79,7.63
451,Abha,SA,2021-12-28 01:59:47,18.2164,42.5053,51.62,30,0,0.0
452,Lavrentiya,RU,2021-12-28 01:59:47,65.5833,-171.0,-1.44,97,100,16.87
453,Awjilah,LY,2021-12-28 02:00:48,29.1081,21.2869,53.73,46,0,9.1
454,Katherine,AU,2021-12-28 02:00:48,-14.4667,132.2667,82.72,69,90,14.97
455,Kholodnyy,RU,2021-12-28 02:00:48,62.7167,147.95,-22.09,94,100,5.44
456,Yar-Sale,RU,2021-12-28 02:00:49,66.8333,70.8333,6.03,94,100,13.18
457,Lazurne,UA,2021-12-28 02:00:49,46.084,32.5295,45.32,93,100,17.52
458,Mount Gambier,AU,2021-12-28 02:00:50,-37.8333,140.7667,71.96,40,4,13.53
459,Zheleznodorozhnyy,RU,2021-12-28 02:00:50,55.7503,38.0042,17.78,100,74,4.03
460,Harrai,IN,2021-12-28 02:00:51,22.6167,79.2167,59.45,50,58,3.91
461,Coolum Beach,AU,2021-12-28 02:00:51,-26.5333,153.1,72.1,86,86,18.1
462,Santa Rita Do Sapucai,BR,2021-12-28 02:00:52,-22.2522,-45.7033,67.08,94,99,1.74
463,Progreso,MX,2021-12-28 02:00:52,21.2833,-89.6667,80.11,76,100,8.99
464,Tessalit,ML,2021-12-28 02:00:53,20.1986,1.0114,63.68,23,55,10.74
465,Camacupa,AO,2021-12-28 02:00:53,-12.0167,17.4833,61.47,90,100,1.77
466,Sioux Lookout,CA,2021-12-28 02:00:54,50.1001,-91.917,5.38,95,100,7.96
467,Solnechnyy,RU,2021-12-28 02:00:54,50.7214,136.6319,-15.36,86,31,3.94
468,Ntcheu,MW,2021-12-28 02:00:55,-14.8203,34.6359,69.49,68,64,1.25
469,Yeppoon,AU,2021-12-28 02:00:55,-23.1333,150.7333,82.18,70,100,12.95
470,Sur,OM,2021-12-28 02:00:55,22.5667,59.5289,71.58,78,49,4.29
471,Camacha,PT,2021-12-28 02:00:56,33.0833,-16.3333,63.82,68,40,6.91
472,Lumajang,ID,2021-12-28 02:00:56,-8.1335,113.2248,85.95,62,10,2.39
473,Saint Anthony,US,2021-12-28 02:00:26,45.0205,-93.218,12.13,73,7,5.99
474,Isabela,PH,2021-12-28 02:00:57,6.7085,121.9711,77.79,87,100,6.06
475,Salitral,PE,2021-12-28 02:00:57,-4.8572,-80.6811,74.59,62,100,9.82
476,Troitsko-Pechorsk,RU,2021-12-28 02:00:58,62.7084,56.1964,1.31,93,100,7.96
477,Bagrami,AF,2021-12-28 02:00:58,34.4938,69.2743,27.34,43,0,1.21
478,La Union,PE,2021-12-28 01:57:54,-5.4,-80.75,70.72,71,100,13.04
479,Villa Carlos Paz,AR,2021-12-28 02:00:59,-31.4241,-64.4978,79.05,23,65,5.03
480,Houma,US,2021-12-28 02:00:59,29.5958,-90.7195,69.01,92,0,1.01
481,Quatre Cocos,MU,2021-12-28 02:01:00,-20.2078,57.7625,75.09,75,69,8.97
482,Sorland,NO,2021-12-28 02:01:00,67.667,12.6934,39.67,74,100,10.42
483,Myaundzha,RU,2021-12-28 02:01:00,63.0494,147.1858,-23.94,89,100,4.54
484,Teya,RU,2021-12-28 02:01:01,60.3778,92.6267,-5.06,99,99,2.39
485,Naron,ES,2021-12-28 02:01:01,43.5167,-8.1528,62.04,93,100,15.79
486,Yuryevets,RU,2021-12-28 02:01:02,57.3201,43.1041,-1.21,98,65,6.4
487,Dakar,SN,2021-12-28 02:00:58,14.6937,-17.4441,72.48,74,2,15.46
488,Mingaora,PK,2021-12-28 02:01:02,34.7758,72.3625,34.75,63,0,7.63
489,Lakes Entrance,AU,2021-12-28 02:01:03,-37.8811,147.981,67.15,55,0,9.64
490,Kadiri,IN,2021-12-28 02:01:03,14.1167,78.1667,63.5,90,7,4.52
491,Elk City,US,2021-12-28 02:01:04,35.412,-99.4043,50.22,25,40,5.75
492,Verkhnyaya Inta,RU,2021-12-28 02:01:04,65.9811,60.3094,-2.61,93,100,1.34
493,Skibotn,NO,2021-12-28 02:01:05,69.3913,20.2679,19.47,91,76,8.84
494,Kirkkonummi,FI,2021-12-28 02:01:05,60.1238,24.4385,17.1,94,100,5.77
495,Alor Setar,MY,2021-12-28 02:01:05,6.121,100.3601,79.95,75,30,9.51
496,Nayoro,JP,2021-12-28 02:01:06,44.3506,142.4578,15.08,90,79,4.41
497,Mishan,CN,2021-12-28 02:01:06,45.55,131.8833,-1.21,74,10,6.22
498,Quang Ngai,VN,2021-12-28 01:57:54,15.1167,108.8,70.99,95,100,4.07
499,Olinda,BR,2021-12-28 02:01:07,-8.0089,-34.8553,82.13,78,40,8.05
500,Bonoua,CI,2021-12-28 02:01:07,5.2741,-3.595,76.62,89,24,3.24
501,Vryheid,ZA,2021-12-28 02:01:07,-27.7695,30.7917,56.93,91,39,6.04
502,Wagar,SD,2021-12-28 02:02:08,16.1525,36.2032,70.09,82,100,9.22
503,Surskoye,RU,2021-12-28 02:02:08,54.4821,46.7214,4.19,95,93,6.42
504,Parintins,BR,2021-12-28 02:02:08,-2.6283,-56.7358,72.72,99,100,2.93
505,Ferrol,ES,2021-12-28 02:02:09,43.4832,-8.2369,61.72,86,100,17.11
506,Mackay,AU,2021-12-28 01:57:58,-21.15,149.2,83.68,78,40,11.5
507,Aragarcas,BR,2021-12-28 02:02:09,-15.8975,-52.2508,73.87,86,3,2.89
508,Road Town,VG,2021-12-28 02:00:25,18.4167,-64.6167,78.84,78,20,8.05
509,Shelburne,CA,2021-12-28 02:02:10,44.0787,-80.2041,29.57,98,100,7.61
510,Maryville,US,2021-12-28 01:59:32,35.7565,-83.9705,68.27,79,100,1.99
511,Oistins,BB,2021-12-28 02:02:11,13.0667,-59.5333,77.61,74,71,13.51
512,Galle,LK,2021-12-28 02:02:11,6.0367,80.217,74.91,82,23,4.09
513,Hamilton,US,2021-12-28 01:59:55,39.1834,-84.5333,60.04,77,100,1.99
514,Kang,BW,2021-12-28 02:02:12,-23.6752,22.7876,67.15,28,28,5.5
515,Gidole,ET,2021-12-28 02:02:13,5.65,37.3667,58.24,48,100,3.27
516,Peniche,PT,2021-12-28 02:02:13,39.3558,-9.3811,62.62,93,52,13.65
517,Angoche,MZ,2021-12-28 02:02:14,-16.2325,39.9086,78.37,89,84,7.29
518,Borba,BR,2021-12-28 02:02:14,-4.3878,-59.5939,71.92,98,100,1.95
519,Zeya,RU,2021-12-28 02:02:14,53.75,127.2667,-13.02,75,32,0.27
520,Horsham,GB,2021-12-28 02:02:15,51.064,-0.3272,52.0,93,75,8.05
521,Khandbari,NP,2021-12-28 02:02:15,27.3747,87.2039,49.37,73,80,4.18
522,Mumford,GH,2021-12-28 02:02:16,5.2618,-0.759,79.81,85,67,8.16
523,Burns Lake,CA,2021-12-28 02:02:16,54.2331,-125.7533,-5.66,98,82,2.86
524,Chiria,IN,2021-12-28 02:02:17,22.3,85.2667,62.19,76,100,1.23
525,Broome,US,2021-12-28 02:02:17,42.2506,-75.833,35.02,78,90,3.0
526,Pisco,PE,2021-12-28 02:02:18,-13.7,-76.2167,67.01,92,100,4.07
527,Gombe,NG,2021-12-28 02:02:18,10.2897,11.1673,68.61,22,16,8.97
528,Poya,NC,2021-12-28 02:02:19,-21.35,165.15,85.44,66,92,2.28
529,Tokomaru,NZ,2021-12-28 02:02:20,-40.4667,175.5,67.12,93,100,3.0
530,Mardin,TR,2021-12-28 02:02:20,37.3131,40.7436,31.57,53,46,5.12
531,Fairview,US,2021-12-28 02:02:20,40.8126,-73.999,38.23,79,90,3.0
532,Aliaga,PH,2021-12-28 02:02:21,15.5167,120.8667,79.32,65,61,12.1
533,Sars,RU,2021-12-28 02:02:21,56.5502,57.1366,-0.24,96,100,10.2
534,Cayenne,GF,2021-12-28 02:00:53,4.9333,-52.3333,80.1,86,40,1.99
535,Spitsevka,RU,2021-12-28 02:02:22,45.1231,42.5125,41.41,75,100,3.22
536,Bay Roberts,CA,2021-12-28 02:02:23,47.5999,-53.2648,37.51,90,100,11.01
537,Shingu,JP,2021-12-28 02:02:23,33.7333,135.9833,46.9,46,31,8.12
538,Sala Consilina,IT,2021-12-28 02:02:23,40.3912,15.5989,48.29,96,100,4.47
539,Chicama,PE,2021-12-28 02:02:24,-7.8447,-79.1469,68.4,80,99,4.41
540,Antofagasta,CL,2021-12-28 02:02:24,-23.65,-70.4,66.38,82,27,4.36
541,Bichura,RU,2021-12-28 02:02:25,50.5881,107.6022,1.27,91,96,3.91
542,Zima,RU,2021-12-28 02:02:25,53.9202,102.0442,-18.38,100,43,1.86
543,Eravur,LK,2021-12-28 02:02:26,7.7733,81.6095,78.8,68,100,6.06
544,Pyay,MM,2021-12-28 02:02:26,18.8167,95.2167,69.15,64,0,7.45
545,La Mata,PA,2021-12-28 02:02:26,8.0833,-80.8833,77.86,86,65,1.48
546,Ofunato,JP,2021-12-28 02:02:27,39.0717,141.7167,30.29,53,33,17.29
547,Winder,US,2021-12-28 02:02:27,33.9926,-83.7202,66.29,88,90,3.44
548,Narsaq,GL,2021-12-28 02:02:28,60.9167,-46.05,19.62,55,0,7.2
549,Sembe,CG,2021-12-28 02:03:28,1.6481,14.5806,70.59,90,100,1.68
550,Lufilufi,WS,2021-12-28 02:03:29,-13.8745,-171.5986,86.79,72,99,6.62
551,Ajaccio,FR,2021-12-28 01:59:48,42.0,8.9167,50.16,87,90,5.75
552,Neryungri,RU,2021-12-28 02:03:30,56.6709,124.6491,-17.14,91,100,10.78
553,Saldanha,ZA,2021-12-28 02:03:30,-33.0117,17.9442,62.49,94,98,8.81
554,Kaeo,NZ,2021-12-28 02:03:31,-35.1,173.7833,69.39,85,100,2.06
555,Guiglo,CI,2021-12-28 02:03:31,6.5456,-7.4966,72.32,91,54,2.51
556,Peleduy,RU,2021-12-28 02:03:32,59.6289,112.7406,-13.85,98,100,4.29
557,Akyab,MM,2021-12-28 02:03:32,20.15,92.9,67.59,60,0,7.09
558,Annau,TM,2021-12-28 02:03:33,37.8876,58.516,40.78,45,7,2.62
559,Matamoros,MX,2021-12-28 02:03:33,25.5333,-103.25,77.11,18,1,4.61
560,Gat,IL,2021-12-28 02:03:34,31.61,34.7642,56.39,61,100,1.77
561,Kidal,ML,2021-12-28 02:03:34,18.4411,1.4078,64.63,19,9,11.21
562,Akdepe,TM,2021-12-28 02:03:35,42.0551,59.3788,22.53,81,46,9.04
563,Tilichiki,RU,2021-12-28 02:03:35,60.4667,166.1,-9.56,96,100,14.81
564,Vaitape,PF,2021-12-28 02:03:36,-16.5167,-151.75,80.64,64,29,2.89
565,Roseburg,US,2021-12-28 02:03:36,43.2165,-123.3417,33.91,89,90,0.0
566,Gaya,IN,2021-12-28 02:00:26,24.7833,85.0,61.32,62,99,3.2
567,Launceston,AU,2021-12-28 02:03:37,-41.45,147.1667,72.61,46,6,7.0
